-- phpMyAdmin SQL Dump
-- version 5.2.1
-- https://www.phpmyadmin.net/
--
-- Host: 127.0.0.1:3306
-- Generation Time: Jul 08, 2025 at 07:19 AM
-- Server version: 10.11.10-MariaDB-log
-- PHP Version: 7.2.34

SET SQL_MODE = "NO_AUTO_VALUE_ON_ZERO";
START TRANSACTION;
SET time_zone = "+00:00";


/*!40101 SET @OLD_CHARACTER_SET_CLIENT=@@CHARACTER_SET_CLIENT */;
/*!40101 SET @OLD_CHARACTER_SET_RESULTS=@@CHARACTER_SET_RESULTS */;
/*!40101 SET @OLD_COLLATION_CONNECTION=@@COLLATION_CONNECTION */;
/*!40101 SET NAMES utf8mb4 */;

--
-- Database: `u955765309_spin`
--

-- --------------------------------------------------------

--
-- Table structure for table `admin_users`
--

CREATE TABLE `admin_users` (
  `id` int(11) NOT NULL,
  `username` varchar(50) NOT NULL,
  `email` varchar(255) NOT NULL,
  `password_hash` varchar(255) NOT NULL,
  `created_at` timestamp NULL DEFAULT current_timestamp()
) ENGINE=InnoDB DEFAULT CHARSET=utf8mb4 COLLATE=utf8mb4_unicode_ci;

--
-- Dumping data for table `admin_users`
--

INSERT INTO `admin_users` (`id`, `username`, `email`, `password_hash`, `created_at`) VALUES
(1, 'admin', 'narayana.artist@outlook.com', '$2y$10$Fd5HmcmqNG/Brq.Sz5N3uu8x0QmfwhFM3uj2ZAMVosxIE9fzREU12', '2025-07-07 16:41:08');

-- --------------------------------------------------------

--
-- Table structure for table `coupons`
--

CREATE TABLE `coupons` (
  `id` int(11) NOT NULL,
  `discount_text` varchar(255) NOT NULL,
  `discount_value` int(11) NOT NULL,
  `coupon_code` varchar(50) NOT NULL,
  `week1_probability` decimal(5,2) NOT NULL DEFAULT 0.00,
  `week2_probability` decimal(5,2) NOT NULL DEFAULT 0.00,
  `week3_probability` decimal(5,2) NOT NULL DEFAULT 0.00,
  `week4_probability` decimal(5,2) NOT NULL DEFAULT 0.00,
  `color` varchar(7) NOT NULL DEFAULT '#667eea',
  `is_active` tinyint(1) DEFAULT 1,
  `created_at` timestamp NULL DEFAULT current_timestamp(),
  `updated_at` timestamp NULL DEFAULT current_timestamp() ON UPDATE current_timestamp()
) ENGINE=InnoDB DEFAULT CHARSET=utf8mb4 COLLATE=utf8mb4_unicode_ci;

--
-- Dumping data for table `coupons`
--

INSERT INTO `coupons` (`id`, `discount_text`, `discount_value`, `coupon_code`, `week1_probability`, `week2_probability`, `week3_probability`, `week4_probability`, `color`, `is_active`, `created_at`, `updated_at`) VALUES
(2, '15K Discount', 15001, 'OASIS15K', 22.00, 23.00, 22.00, 23.00, '#f97316', 1, '2025-07-07 16:41:08', '2025-07-07 16:41:08'),
(3, '20K Discount', 20001, 'OASIS20K', 5.00, 5.00, 5.00, 5.00, '#eab308', 1, '2025-07-07 16:41:08', '2025-07-07 16:41:08'),
(4, '50K Discount', 50001, 'OASIS50K', 3.00, 3.00, 3.00, 3.00, '#22c55e', 1, '2025-07-07 16:41:08', '2025-07-07 16:41:08'),
(5, '1 Lakh Discount', 100001, 'OASIS1L', 2.00, 2.00, 2.00, 2.00, '#3b82f6', 1, '2025-07-07 16:41:08', '2025-07-07 16:41:08'),
(6, 'Free IVF', 200001, 'OASISIVF', 3.00, 2.00, 3.00, 2.00, '#8b5cf6', 1, '2025-07-07 16:41:08', '2025-07-07 16:41:08'),
(8, '10K Discount', 10001, 'OASIS10K', 65.00, 65.00, 65.00, 65.00, '#667eea', 1, '2025-07-08 03:04:47', '2025-07-08 03:04:47');

-- --------------------------------------------------------

--
-- Table structure for table `settings`
--

CREATE TABLE `settings` (
  `id` int(11) NOT NULL,
  `setting_key` varchar(100) NOT NULL,
  `setting_value` text NOT NULL,
  `updated_at` timestamp NULL DEFAULT current_timestamp() ON UPDATE current_timestamp()
) ENGINE=InnoDB DEFAULT CHARSET=utf8mb4 COLLATE=utf8mb4_unicode_ci;

--
-- Dumping data for table `settings`
--

INSERT INTO `settings` (`id`, `setting_key`, `setting_value`, `updated_at`) VALUES
(1, 'wheel_title', '🎯 Oasis Spin Wheel', '2025-07-07 16:41:08'),
(2, 'wheel_description', 'Spin once and win amazing discounts on IVF treatments!', '2025-07-07 16:41:08'),
(3, 'site_url', 'https://discounts.oasisindia.in/', '2025-07-07 16:41:08'),
(4, 'max_spins', '1', '2025-07-07 16:41:08'),
(5, 'enable_tracking', '1', '2025-07-07 16:41:08'),
(6, 'installation_date', '2025-07-07 16:41:08', '2025-07-07 16:41:08');

-- --------------------------------------------------------

--
-- Table structure for table `spins`
--

CREATE TABLE `spins` (
  `id` int(11) NOT NULL,
  `recorded_id` varchar(255) NOT NULL,
  `result` varchar(255) NOT NULL,
  `timestamp` bigint(20) NOT NULL,
  `ip_address` varchar(45) NOT NULL,
  `created_at` timestamp NULL DEFAULT current_timestamp()
) ENGINE=InnoDB DEFAULT CHARSET=utf8mb4 COLLATE=utf8mb4_unicode_ci;

--
-- Dumping data for table `spins`
--

INSERT INTO `spins` (`id`, `recorded_id`, `result`, `timestamp`, `ip_address`, `created_at`) VALUES
(1, 'demo123', '10K Discount', 1751937892000, '49.37.233.96', '2025-07-08 01:24:52'),
(2, 'demo125', '10K Discount', 1751937915000, '49.37.233.96', '2025-07-08 01:25:15'),
(3, 'demo128', '15K Discount', 1751937961000, '49.37.233.96', '2025-07-08 01:26:01'),
(4, 'demo129', '20K Discount', 1751937986000, '49.37.233.96', '2025-07-08 01:26:26'),
(5, 'demo124', '10K Discount', 1751939326000, '49.37.233.96', '2025-07-08 01:48:46'),
(6, 'demo1234', '10K Discount', 1751940038000, '49.37.233.96', '2025-07-08 02:00:38'),
(7, '234337re', '10K Discount', 1751941143000, '49.37.233.96', '2025-07-08 02:19:03'),
(8, '456785', '10K Discount', 1751942901000, '49.37.233.96', '2025-07-08 02:48:21'),
(9, '4567851', '20K Discount', 1751943499000, '49.37.233.96', '2025-07-08 02:58:19');

-- --------------------------------------------------------

--
-- Table structure for table `tier_coupon_codes`
--

CREATE TABLE `tier_coupon_codes` (
  `id` int(11) NOT NULL,
  `tier_id` int(11) NOT NULL,
  `coupon_code` varchar(100) NOT NULL,
  `is_used` tinyint(1) DEFAULT 0,
  `used_by_recorded_id` varchar(100) DEFAULT NULL,
  `used_at` timestamp NULL DEFAULT NULL,
  `created_at` timestamp NULL DEFAULT current_timestamp()
) ENGINE=InnoDB DEFAULT CHARSET=utf8mb4 COLLATE=utf8mb4_unicode_ci;

--
-- Dumping data for table `tier_coupon_codes`
--

INSERT INTO `tier_coupon_codes` (`id`, `tier_id`, `coupon_code`, `is_used`, `used_by_recorded_id`, `used_at`, `created_at`) VALUES
(1, 8, 'XDG L8I DN2', 0, NULL, NULL, '2025-07-08 03:41:14'),
(2, 8, '2I4 ERY QQK', 0, NULL, NULL, '2025-07-08 03:41:14'),
(3, 8, 'C4F NRF U36', 0, NULL, NULL, '2025-07-08 03:41:14'),
(4, 8, 'CN2 7MH 718', 0, NULL, NULL, '2025-07-08 03:41:14'),
(5, 8, 'I8B 1J3 WLG', 0, NULL, NULL, '2025-07-08 03:41:14'),
(6, 8, 'XWB 7FK 2PE', 0, NULL, NULL, '2025-07-08 03:41:14'),
(7, 8, 'SRR AID OPU', 0, NULL, NULL, '2025-07-08 03:41:14'),
(8, 8, 'LJB G3M Y5K', 0, NULL, NULL, '2025-07-08 03:41:14'),
(9, 8, 'HGF CU1 A3L', 0, NULL, NULL, '2025-07-08 03:41:14'),
(10, 8, 'ZLG G1A Q03', 0, NULL, NULL, '2025-07-08 03:41:14'),
(11, 8, 'PMO UUV 3U0', 0, NULL, NULL, '2025-07-08 03:41:14'),
(12, 8, 'YUK JXJ BP8', 0, NULL, NULL, '2025-07-08 03:41:14'),
(13, 8, 'IGL I0Q PLN', 0, NULL, NULL, '2025-07-08 03:41:14'),
(14, 8, 'KYL KHF DKX', 0, NULL, NULL, '2025-07-08 03:41:14'),
(15, 8, 'JTC M2I H2T', 0, NULL, NULL, '2025-07-08 03:41:14'),
(16, 8, '92N FNH YG1', 0, NULL, NULL, '2025-07-08 03:41:14'),
(17, 8, '0ZP HUR G5V', 0, NULL, NULL, '2025-07-08 03:41:14'),
(18, 8, '2WQ ENZ 1KR', 0, NULL, NULL, '2025-07-08 03:41:14'),
(19, 8, 'IB5 AUI RFM', 0, NULL, NULL, '2025-07-08 03:41:14'),
(20, 8, 'CDV T5F RYK', 0, NULL, NULL, '2025-07-08 03:41:14'),
(21, 8, 'P6U DPA 1DK', 0, NULL, NULL, '2025-07-08 03:41:14'),
(22, 8, 'PB4 P3S PLH', 0, NULL, NULL, '2025-07-08 03:41:14'),
(23, 8, '8KB H4M LRQ', 0, NULL, NULL, '2025-07-08 03:41:14'),
(24, 8, 'KIU 6IX EUY', 0, NULL, NULL, '2025-07-08 03:41:14'),
(25, 8, 'YX3 M26 2X9', 0, NULL, NULL, '2025-07-08 03:41:14'),
(26, 8, 'PK7 9S2 ZOJ', 0, NULL, NULL, '2025-07-08 03:41:14'),
(27, 8, '2IP ZOT W2M', 0, NULL, NULL, '2025-07-08 03:41:14'),
(28, 8, 'M3D FBY 90S', 0, NULL, NULL, '2025-07-08 03:41:14'),
(29, 8, 'FVY 1UB X4G', 0, NULL, NULL, '2025-07-08 03:41:14'),
(30, 8, 'WFX ESZ UAG', 0, NULL, NULL, '2025-07-08 03:41:14'),
(31, 8, 'IK1 YAB YJS', 0, NULL, NULL, '2025-07-08 03:41:14'),
(32, 8, '447 LEF 4TO', 0, NULL, NULL, '2025-07-08 03:41:14'),
(33, 8, 'BOF TLA LJC', 0, NULL, NULL, '2025-07-08 03:41:14'),
(34, 8, 'P2V WL9 NXO', 0, NULL, NULL, '2025-07-08 03:41:14'),
(35, 8, '4B2 JIG 1F6', 0, NULL, NULL, '2025-07-08 03:41:14'),
(36, 8, 'TML NY4 L4H', 0, NULL, NULL, '2025-07-08 03:41:14'),
(37, 8, '2C4 ZQ5 FI5', 0, NULL, NULL, '2025-07-08 03:41:14'),
(38, 8, 'ZJ3 AIZ 21M', 0, NULL, NULL, '2025-07-08 03:41:14'),
(39, 8, '8ZX UDI 70O', 0, NULL, NULL, '2025-07-08 03:41:14'),
(40, 8, '178 QNQ 817', 0, NULL, NULL, '2025-07-08 03:41:14'),
(41, 8, '31A BVV CHF', 0, NULL, NULL, '2025-07-08 03:41:14'),
(42, 8, '4E3 6ND 80V', 0, NULL, NULL, '2025-07-08 03:41:14'),
(43, 8, 'EAC OWM ENJ', 0, NULL, NULL, '2025-07-08 03:41:14'),
(44, 8, '859 UM1 TBM', 0, NULL, NULL, '2025-07-08 03:41:14'),
(45, 8, 'A0A 3TM 4Y6', 0, NULL, NULL, '2025-07-08 03:41:14'),
(46, 8, 'E57 AHM 333', 0, NULL, NULL, '2025-07-08 03:41:14'),
(47, 8, 'DSA 0BN FUC', 0, NULL, NULL, '2025-07-08 03:41:14'),
(48, 8, 'K90 MAI 5SQ', 0, NULL, NULL, '2025-07-08 03:41:14'),
(49, 8, '5N5 DDY 7NQ', 0, NULL, NULL, '2025-07-08 03:41:14'),
(50, 8, 'JQM JEP F55', 0, NULL, NULL, '2025-07-08 03:41:14'),
(51, 8, '75B QE2 ATX', 0, NULL, NULL, '2025-07-08 03:41:14'),
(52, 8, 'L1Y RDA 2XU', 0, NULL, NULL, '2025-07-08 03:41:14'),
(53, 8, 'NMQ 6DD 9Q4', 0, NULL, NULL, '2025-07-08 03:41:14'),
(54, 8, '1BJ MMH ZDJ', 0, NULL, NULL, '2025-07-08 03:41:14'),
(55, 8, 'KX2 7B4 CNE', 0, NULL, NULL, '2025-07-08 03:41:14'),
(56, 8, 'W74 1WN ZFH', 0, NULL, NULL, '2025-07-08 03:41:14'),
(57, 8, '00M MM2 YB0', 0, NULL, NULL, '2025-07-08 03:41:14'),
(58, 8, 'OO1 83H ZGQ', 0, NULL, NULL, '2025-07-08 03:41:14'),
(59, 8, 'UY4 LEM IU4', 0, NULL, NULL, '2025-07-08 03:41:14'),
(60, 8, 'A57 HHY K6E', 0, NULL, NULL, '2025-07-08 03:41:14'),
(61, 8, '05U QPS 1O7', 0, NULL, NULL, '2025-07-08 03:41:14'),
(62, 8, '2EL N9Q VTX', 0, NULL, NULL, '2025-07-08 03:41:14'),
(63, 8, '4C1 9EY RST', 0, NULL, NULL, '2025-07-08 03:41:14'),
(64, 8, '3CD 2WN DR9', 0, NULL, NULL, '2025-07-08 03:41:14'),
(65, 8, 'CUA UID L6K', 0, NULL, NULL, '2025-07-08 03:41:14'),
(66, 8, 'WX9 N2S UO6', 0, NULL, NULL, '2025-07-08 03:41:14'),
(67, 8, '5R5 V54 YIK', 0, NULL, NULL, '2025-07-08 03:41:14'),
(68, 8, 'JUD Q5S ETV', 0, NULL, NULL, '2025-07-08 03:41:14'),
(69, 8, 'W98 JYM UYO', 0, NULL, NULL, '2025-07-08 03:41:14'),
(70, 8, 'M1L C73 A3X', 0, NULL, NULL, '2025-07-08 03:41:14'),
(71, 8, 'PXF DBD VAP', 0, NULL, NULL, '2025-07-08 03:41:14'),
(72, 8, 'Z4F XWQ 35Y', 0, NULL, NULL, '2025-07-08 03:41:14'),
(73, 8, 'UM3 A5C 9MV', 0, NULL, NULL, '2025-07-08 03:41:14'),
(74, 8, 'X9W 8NW JNX', 0, NULL, NULL, '2025-07-08 03:41:14'),
(75, 8, 'Y81 ATN IUI', 0, NULL, NULL, '2025-07-08 03:41:14'),
(76, 8, 'WBS 4JM PSE', 0, NULL, NULL, '2025-07-08 03:41:14'),
(77, 8, 'GDR CEA MI1', 0, NULL, NULL, '2025-07-08 03:41:14'),
(78, 8, 'AZN 0HR PV0', 0, NULL, NULL, '2025-07-08 03:41:14'),
(79, 8, 'DYY 9O5 OYE', 0, NULL, NULL, '2025-07-08 03:41:14'),
(80, 8, '4QP 4XT JI1', 0, NULL, NULL, '2025-07-08 03:41:14'),
(81, 8, 'WDU NK1 O74', 0, NULL, NULL, '2025-07-08 03:41:14'),
(82, 8, '8TH IJ0 MPK', 0, NULL, NULL, '2025-07-08 03:41:14'),
(83, 8, 'KM8 AB6 9FC', 0, NULL, NULL, '2025-07-08 03:41:14'),
(84, 8, 'MIJ KT7 6JY', 0, NULL, NULL, '2025-07-08 03:41:14'),
(85, 8, 'RL0 TBW SS8', 0, NULL, NULL, '2025-07-08 03:41:14'),
(86, 8, 'CLH KII GE4', 0, NULL, NULL, '2025-07-08 03:41:14'),
(87, 8, 'BXI X71 EZ5', 0, NULL, NULL, '2025-07-08 03:41:14'),
(88, 8, 'D32 DFF 8B8', 0, NULL, NULL, '2025-07-08 03:41:14'),
(89, 8, '6CQ ECM 25D', 0, NULL, NULL, '2025-07-08 03:41:14'),
(90, 8, 'WMJ YNT OQS', 0, NULL, NULL, '2025-07-08 03:41:14'),
(91, 8, 'BRU WVK 4LB', 0, NULL, NULL, '2025-07-08 03:41:14'),
(92, 8, 'WR2 06W 4P1', 0, NULL, NULL, '2025-07-08 03:41:14'),
(93, 8, 'ZS5 VHL CY3', 0, NULL, NULL, '2025-07-08 03:41:14'),
(94, 8, '9S2 CV1 FIX', 0, NULL, NULL, '2025-07-08 03:41:14'),
(95, 8, '8C7 ASW 3TL', 0, NULL, NULL, '2025-07-08 03:41:14'),
(96, 8, '9O7 X8B H66', 0, NULL, NULL, '2025-07-08 03:41:14'),
(97, 8, '1KY AVU ZE8', 0, NULL, NULL, '2025-07-08 03:41:14'),
(98, 8, 'V4X 6NR D1L', 0, NULL, NULL, '2025-07-08 03:41:14'),
(99, 8, '7RK 7XC PV2', 0, NULL, NULL, '2025-07-08 03:41:14'),
(100, 8, '7OX MBN 3YX', 0, NULL, NULL, '2025-07-08 03:41:14'),
(101, 8, 'BFH I3L 8X5', 0, NULL, NULL, '2025-07-08 03:41:14'),
(102, 8, 'WXP FET 7BZ', 0, NULL, NULL, '2025-07-08 03:41:14'),
(103, 8, '90K IXV TFO', 0, NULL, NULL, '2025-07-08 03:41:14'),
(104, 8, 'GP6 U3Q 983', 0, NULL, NULL, '2025-07-08 03:41:14'),
(105, 8, 'HZ7 D7Y UZ4', 0, NULL, NULL, '2025-07-08 03:41:14'),
(106, 8, 'ENB Z71 2CX', 0, NULL, NULL, '2025-07-08 03:41:14'),
(107, 8, 'W2R M33 WH3', 0, NULL, NULL, '2025-07-08 03:41:14'),
(108, 8, 'TEW ABZ HQC', 0, NULL, NULL, '2025-07-08 03:41:14'),
(109, 8, 'SCE 41B O74', 0, NULL, NULL, '2025-07-08 03:41:14'),
(110, 8, 'Z1W 24Z NPC', 0, NULL, NULL, '2025-07-08 03:41:14'),
(111, 8, '83C TPM A6W', 0, NULL, NULL, '2025-07-08 03:41:14'),
(112, 8, 'U7Q OZM QZ0', 0, NULL, NULL, '2025-07-08 03:41:14'),
(113, 8, 'WK8 Z9F JXA', 0, NULL, NULL, '2025-07-08 03:41:14'),
(114, 8, 'UF3 JE7 US3', 0, NULL, NULL, '2025-07-08 03:41:14'),
(115, 8, 'V3L JDD MOL', 0, NULL, NULL, '2025-07-08 03:41:14'),
(116, 8, '21I NZM 950', 0, NULL, NULL, '2025-07-08 03:41:14'),
(117, 8, 'LNB ERO MHY', 0, NULL, NULL, '2025-07-08 03:41:14'),
(118, 8, 'T4M R3K WZ3', 0, NULL, NULL, '2025-07-08 03:41:14'),
(119, 8, '3OO 0L5 XZH', 0, NULL, NULL, '2025-07-08 03:41:14'),
(120, 8, '5M0 4MT 1YT', 0, NULL, NULL, '2025-07-08 03:41:14'),
(121, 8, 'AS9 V9Z AEY', 0, NULL, NULL, '2025-07-08 03:41:14'),
(122, 8, 'QWR 248 TFR', 0, NULL, NULL, '2025-07-08 03:41:14'),
(123, 8, 'OJ8 VJZ XM6', 0, NULL, NULL, '2025-07-08 03:41:14'),
(124, 8, 'B76 C2Q Z74', 0, NULL, NULL, '2025-07-08 03:41:14'),
(125, 8, 'V8Q HE2 1UU', 0, NULL, NULL, '2025-07-08 03:41:14'),
(126, 8, 'K8P SRV 0XO', 0, NULL, NULL, '2025-07-08 03:41:14'),
(127, 8, '1YK 8H7 HU1', 0, NULL, NULL, '2025-07-08 03:41:14'),
(128, 8, 'KFH IC8 JCQ', 0, NULL, NULL, '2025-07-08 03:41:14'),
(129, 8, 'WDH I3U 147', 0, NULL, NULL, '2025-07-08 03:41:14'),
(130, 8, 'L3F RS8 REW', 0, NULL, NULL, '2025-07-08 03:41:14'),
(131, 8, '8PW S4O X2F', 0, NULL, NULL, '2025-07-08 03:41:14'),
(132, 8, '596 ILR NNS', 0, NULL, NULL, '2025-07-08 03:41:14'),
(133, 8, 'EV1 0OY WK1', 0, NULL, NULL, '2025-07-08 03:41:14'),
(134, 8, '7AU IY0 TBL', 0, NULL, NULL, '2025-07-08 03:41:14'),
(135, 8, 'UQE 59S C7V', 0, NULL, NULL, '2025-07-08 03:41:14'),
(136, 8, 'IBV QU8 4MB', 0, NULL, NULL, '2025-07-08 03:41:14'),
(137, 8, 'GVR WI4 8ER', 0, NULL, NULL, '2025-07-08 03:41:14'),
(138, 8, 'EB6 AS3 DFF', 0, NULL, NULL, '2025-07-08 03:41:14'),
(139, 8, '34S 92B JB4', 0, NULL, NULL, '2025-07-08 03:41:14'),
(140, 8, '781 IFI 4C0', 0, NULL, NULL, '2025-07-08 03:41:14'),
(141, 8, 'U3O FRR 4LF', 0, NULL, NULL, '2025-07-08 03:41:14'),
(142, 8, 'YOQ SOH 7YT', 0, NULL, NULL, '2025-07-08 03:41:14'),
(143, 8, 'BZ3 24Y 3B4', 0, NULL, NULL, '2025-07-08 03:41:14'),
(144, 8, 'THG LYK 2QB', 0, NULL, NULL, '2025-07-08 03:41:14'),
(145, 8, '5PH HND HLL', 0, NULL, NULL, '2025-07-08 03:41:14'),
(146, 8, 'W4A ZZY N4L', 0, NULL, NULL, '2025-07-08 03:41:14'),
(147, 8, 'DNO WLQ ZNM', 0, NULL, NULL, '2025-07-08 03:41:14'),
(148, 8, '37M NZA EG8', 0, NULL, NULL, '2025-07-08 03:41:14'),
(149, 8, 'QQ3 3HR X2O', 0, NULL, NULL, '2025-07-08 03:41:14'),
(150, 8, 'S1L Y8C ZMZ', 0, NULL, NULL, '2025-07-08 03:41:14'),
(151, 8, 'OQE 5Z2 5UB', 0, NULL, NULL, '2025-07-08 03:41:14'),
(152, 8, 'R4K ET6 KLA', 0, NULL, NULL, '2025-07-08 03:41:14'),
(153, 8, 'W2S VSP 2HZ', 0, NULL, NULL, '2025-07-08 03:41:14'),
(154, 8, '0U5 ZY7 XJJ', 0, NULL, NULL, '2025-07-08 03:41:14'),
(155, 8, 'CJL 1DH JDD', 0, NULL, NULL, '2025-07-08 03:41:14'),
(156, 8, '9E0 OFO BML', 0, NULL, NULL, '2025-07-08 03:41:14'),
(157, 8, 'GNQ IB8 E9U', 0, NULL, NULL, '2025-07-08 03:41:14'),
(158, 8, '77N C1Q ZZ8', 0, NULL, NULL, '2025-07-08 03:41:14'),
(159, 8, '21C 2G9 1UN', 0, NULL, NULL, '2025-07-08 03:41:14'),
(160, 8, '2D3 0MT WNN', 0, NULL, NULL, '2025-07-08 03:41:14'),
(161, 8, 'QWZ 06R OX9', 0, NULL, NULL, '2025-07-08 03:41:14'),
(162, 8, 'FBN Z6A 5OA', 0, NULL, NULL, '2025-07-08 03:41:14'),
(163, 8, 'V20 EWK 2XX', 0, NULL, NULL, '2025-07-08 03:41:14'),
(164, 8, '48J T3D 8F2', 0, NULL, NULL, '2025-07-08 03:41:14'),
(165, 8, 'YJD RTQ XRH', 0, NULL, NULL, '2025-07-08 03:41:14'),
(166, 8, 'NUA QJA NLH', 0, NULL, NULL, '2025-07-08 03:41:14'),
(167, 8, '05J ZPQ 3NH', 0, NULL, NULL, '2025-07-08 03:41:14'),
(168, 8, '96E WME 3VC', 0, NULL, NULL, '2025-07-08 03:41:14'),
(169, 8, '1LS 7XK 35P', 0, NULL, NULL, '2025-07-08 03:41:14'),
(170, 8, 'NS4 MHV Z13', 0, NULL, NULL, '2025-07-08 03:41:14'),
(171, 8, 'FCP NMP U0U', 0, NULL, NULL, '2025-07-08 03:41:14'),
(172, 8, 'SZT BG9 TBM', 0, NULL, NULL, '2025-07-08 03:41:14'),
(173, 8, '002 7QH TCW', 0, NULL, NULL, '2025-07-08 03:41:14'),
(174, 8, 'ZUM LY1 3NI', 0, NULL, NULL, '2025-07-08 03:41:14'),
(175, 8, 'F5E RU4 9XM', 0, NULL, NULL, '2025-07-08 03:41:14'),
(176, 8, 'FOE FKH CJ5', 0, NULL, NULL, '2025-07-08 03:41:14'),
(177, 8, 'DOZ 2NP 8N1', 0, NULL, NULL, '2025-07-08 03:41:14'),
(178, 8, 'E9U U2U KP9', 0, NULL, NULL, '2025-07-08 03:41:14'),
(179, 8, 'VQ4 EIY KZZ', 0, NULL, NULL, '2025-07-08 03:41:14'),
(180, 8, 'AT8 F3W 4HN', 0, NULL, NULL, '2025-07-08 03:41:14'),
(181, 8, '0Y0 AWN 4JD', 0, NULL, NULL, '2025-07-08 03:41:14'),
(182, 8, 'JJZ DGP PTD', 0, NULL, NULL, '2025-07-08 03:41:14'),
(183, 8, 'QQJ XWQ LNG', 0, NULL, NULL, '2025-07-08 03:41:14'),
(184, 8, 'GSG BL7 R4E', 0, NULL, NULL, '2025-07-08 03:41:14'),
(185, 8, 'S9A RB0 DC2', 0, NULL, NULL, '2025-07-08 03:41:14'),
(186, 8, '27X 5UU KR3', 0, NULL, NULL, '2025-07-08 03:41:14'),
(187, 8, 'JP1 ELO VZL', 0, NULL, NULL, '2025-07-08 03:41:14'),
(188, 8, 'ILY NWV 5A6', 0, NULL, NULL, '2025-07-08 03:41:14'),
(189, 8, 'YW7 QIW N5H', 0, NULL, NULL, '2025-07-08 03:41:14'),
(190, 8, 'JO9 0UV 12L', 0, NULL, NULL, '2025-07-08 03:41:14'),
(191, 8, 'MQB KYW RQH', 0, NULL, NULL, '2025-07-08 03:41:14'),
(192, 8, 'WKU CLQ VH2', 0, NULL, NULL, '2025-07-08 03:41:14'),
(193, 8, 'IHW LGY 9V2', 0, NULL, NULL, '2025-07-08 03:41:14'),
(194, 8, 'VKG NL2 ZFW', 0, NULL, NULL, '2025-07-08 03:41:14'),
(195, 8, '4QJ RVV JZX', 0, NULL, NULL, '2025-07-08 03:41:14'),
(196, 8, '2B0 030 21Y', 0, NULL, NULL, '2025-07-08 03:41:14'),
(197, 8, '73P 093 7SM', 0, NULL, NULL, '2025-07-08 03:41:14'),
(198, 8, '6IM 01Z 9H7', 0, NULL, NULL, '2025-07-08 03:41:14'),
(199, 8, '3VC CG6 UOO', 0, NULL, NULL, '2025-07-08 03:41:14'),
(200, 8, 'CM3 LVL VPZ', 0, NULL, NULL, '2025-07-08 03:41:14'),
(201, 8, '240 MLZ RP5', 0, NULL, NULL, '2025-07-08 03:41:14'),
(202, 8, '5EN XAB PN8', 0, NULL, NULL, '2025-07-08 03:41:14'),
(203, 8, 'SAG Z9H CUU', 0, NULL, NULL, '2025-07-08 03:41:14'),
(204, 8, '6FK F1Q 8SP', 0, NULL, NULL, '2025-07-08 03:41:14'),
(205, 8, 'BVL J5K TWQ', 0, NULL, NULL, '2025-07-08 03:41:14'),
(206, 8, 'HBZ NVM T65', 0, NULL, NULL, '2025-07-08 03:41:14'),
(207, 8, 'BKQ VTR NYN', 0, NULL, NULL, '2025-07-08 03:41:14'),
(208, 8, 'HU0 KZ7 3HB', 0, NULL, NULL, '2025-07-08 03:41:14'),
(209, 8, '9GQ JQI HKG', 0, NULL, NULL, '2025-07-08 03:41:14'),
(210, 8, 'VM6 C0H P3G', 0, NULL, NULL, '2025-07-08 03:41:14'),
(211, 8, '3P5 RU4 O2B', 0, NULL, NULL, '2025-07-08 03:41:14'),
(212, 8, 'GUJ 39N 1G9', 0, NULL, NULL, '2025-07-08 03:41:14'),
(213, 8, 'F0L Z06 MWB', 0, NULL, NULL, '2025-07-08 03:41:14'),
(214, 8, 'HQB 8WY 31L', 0, NULL, NULL, '2025-07-08 03:41:14'),
(215, 8, 'DMZ ZU8 ZPM', 0, NULL, NULL, '2025-07-08 03:41:14'),
(216, 8, 'SAJ 0MH IZA', 0, NULL, NULL, '2025-07-08 03:41:14'),
(217, 8, '2FV 1O6 9Y9', 0, NULL, NULL, '2025-07-08 03:41:14'),
(218, 8, 'WAQ G62 7Q8', 0, NULL, NULL, '2025-07-08 03:41:14'),
(219, 8, 'YTA 193 7PF', 0, NULL, NULL, '2025-07-08 03:41:14'),
(220, 8, 'ONF XJG KZC', 0, NULL, NULL, '2025-07-08 03:41:14'),
(221, 8, 'RY5 BAI FV7', 0, NULL, NULL, '2025-07-08 03:41:14'),
(222, 8, 'YRS 2C2 HD5', 0, NULL, NULL, '2025-07-08 03:41:14'),
(223, 8, 'Q9N QIA 0KF', 0, NULL, NULL, '2025-07-08 03:41:14'),
(224, 8, '5NX 462 65Y', 0, NULL, NULL, '2025-07-08 03:41:14'),
(225, 8, 'R6B 92L R4P', 0, NULL, NULL, '2025-07-08 03:41:14'),
(226, 8, 'TBV TY3 091', 0, NULL, NULL, '2025-07-08 03:41:14'),
(227, 8, 'XXF TR9 CF6', 0, NULL, NULL, '2025-07-08 03:41:14'),
(228, 8, 'RRS YRC MQ5', 0, NULL, NULL, '2025-07-08 03:41:14'),
(229, 8, 'KK8 C3D YC8', 0, NULL, NULL, '2025-07-08 03:41:14'),
(230, 8, '3V9 5IB OA4', 0, NULL, NULL, '2025-07-08 03:41:14'),
(231, 8, 'BRU OYP DM2', 0, NULL, NULL, '2025-07-08 03:41:14'),
(232, 8, '9W0 UWQ T27', 0, NULL, NULL, '2025-07-08 03:41:14'),
(233, 8, 'JCF WE2 B7J', 0, NULL, NULL, '2025-07-08 03:41:14'),
(234, 8, 'W72 QKG R3N', 0, NULL, NULL, '2025-07-08 03:41:14'),
(235, 8, 'D29 4GE XAM', 0, NULL, NULL, '2025-07-08 03:41:14'),
(236, 8, 'MBH BKC KLH', 0, NULL, NULL, '2025-07-08 03:41:14'),
(237, 8, 'HH6 Q18 PFO', 0, NULL, NULL, '2025-07-08 03:41:14'),
(238, 8, 'Q8P FH9 DZC', 0, NULL, NULL, '2025-07-08 03:41:14'),
(239, 8, 'HDV JO3 KX2', 0, NULL, NULL, '2025-07-08 03:41:14'),
(240, 8, '33K SC4 F5D', 0, NULL, NULL, '2025-07-08 03:41:14'),
(241, 8, 'TAM TK5 QGH', 0, NULL, NULL, '2025-07-08 03:41:14'),
(242, 8, '2VW 90S NMS', 0, NULL, NULL, '2025-07-08 03:41:14'),
(243, 8, 'T4Q GUV G0G', 0, NULL, NULL, '2025-07-08 03:41:14'),
(244, 8, 'FCB PWS 98M', 0, NULL, NULL, '2025-07-08 03:41:14'),
(245, 8, 'X92 FB1 1F6', 0, NULL, NULL, '2025-07-08 03:41:14'),
(246, 8, 'AWT TSW YDG', 0, NULL, NULL, '2025-07-08 03:41:14'),
(247, 8, 'BQH Q98 S6R', 0, NULL, NULL, '2025-07-08 03:41:14'),
(248, 8, 'WSS YC5 BV0', 0, NULL, NULL, '2025-07-08 03:41:14'),
(249, 8, 'BIJ XKR 1XU', 0, NULL, NULL, '2025-07-08 03:41:14'),
(250, 8, 'IU2 VCA 67M', 0, NULL, NULL, '2025-07-08 03:41:14'),
(251, 8, '6V1 JV8 B2H', 0, NULL, NULL, '2025-07-08 03:41:14'),
(252, 8, 'BMD YQ4 550', 0, NULL, NULL, '2025-07-08 03:41:14'),
(253, 8, 'HUU JAE TIJ', 0, NULL, NULL, '2025-07-08 03:41:14'),
(254, 8, '7K5 XS1 Q61', 0, NULL, NULL, '2025-07-08 03:41:14'),
(255, 8, '7QH 2AU G8Q', 0, NULL, NULL, '2025-07-08 03:41:14'),
(256, 8, '1X5 0R5 Y1V', 0, NULL, NULL, '2025-07-08 03:41:14'),
(257, 8, 'BZK PR3 EUK', 0, NULL, NULL, '2025-07-08 03:41:14'),
(258, 8, 'JPI YMY QHX', 0, NULL, NULL, '2025-07-08 03:41:14'),
(259, 8, 'ECR TTI WIQ', 0, NULL, NULL, '2025-07-08 03:41:14'),
(260, 8, 'TTK RD0 4BD', 0, NULL, NULL, '2025-07-08 03:41:14'),
(261, 8, 'UHH F0U H69', 0, NULL, NULL, '2025-07-08 03:41:14'),
(262, 8, 'JPM Z11 PLN', 0, NULL, NULL, '2025-07-08 03:41:14'),
(263, 8, 'GU7 EQD CRY', 0, NULL, NULL, '2025-07-08 03:41:14'),
(264, 8, 'XBH 387 DZT', 0, NULL, NULL, '2025-07-08 03:41:14'),
(265, 8, '977 P5H QSN', 0, NULL, NULL, '2025-07-08 03:41:14'),
(266, 8, '100 N49 V2R', 0, NULL, NULL, '2025-07-08 03:41:14'),
(267, 8, '5LZ 76F 5R4', 0, NULL, NULL, '2025-07-08 03:41:14'),
(268, 8, 'W4A 239 MDD', 0, NULL, NULL, '2025-07-08 03:41:14'),
(269, 8, '07N 1B0 YH8', 0, NULL, NULL, '2025-07-08 03:41:14'),
(270, 8, '0MH WLT XZH', 0, NULL, NULL, '2025-07-08 03:41:14'),
(271, 8, '333 W9X C4P', 0, NULL, NULL, '2025-07-08 03:41:14'),
(272, 8, '5VH HYB 0YF', 0, NULL, NULL, '2025-07-08 03:41:14'),
(273, 8, 'Q74 CYJ QTS', 0, NULL, NULL, '2025-07-08 03:41:14'),
(274, 8, 'EPN 9G6 ZPX', 0, NULL, NULL, '2025-07-08 03:41:14'),
(275, 8, '7OH IST P5N', 0, NULL, NULL, '2025-07-08 03:41:14'),
(276, 8, 'RY5 UZL 4C7', 0, NULL, NULL, '2025-07-08 03:41:14'),
(277, 8, 'QQ8 QLE UDW', 0, NULL, NULL, '2025-07-08 03:41:14'),
(278, 8, '9E0 UAR LWE', 0, NULL, NULL, '2025-07-08 03:41:14'),
(279, 8, 'FVK G3A 27V', 0, NULL, NULL, '2025-07-08 03:41:14'),
(280, 8, 'B97 8DM LH8', 0, NULL, NULL, '2025-07-08 03:41:14'),
(281, 8, '6CO 5AY ZE2', 0, NULL, NULL, '2025-07-08 03:41:14'),
(282, 8, 'M49 B3A TXX', 0, NULL, NULL, '2025-07-08 03:41:14'),
(283, 8, 'E8K Y7G 79Q', 0, NULL, NULL, '2025-07-08 03:41:14'),
(284, 8, 'XEB GXY 1ZU', 0, NULL, NULL, '2025-07-08 03:41:14'),
(285, 8, 'XUP Q24 N67', 0, NULL, NULL, '2025-07-08 03:41:14'),
(286, 8, '7O3 G63 TRJ', 0, NULL, NULL, '2025-07-08 03:41:14'),
(287, 8, 'OHN 7SH H7W', 0, NULL, NULL, '2025-07-08 03:41:14'),
(288, 8, 'O58 ZHH W8L', 0, NULL, NULL, '2025-07-08 03:41:14'),
(289, 8, 'SZW EVP E6P', 0, NULL, NULL, '2025-07-08 03:41:14'),
(290, 8, 'Q46 TK4 8WS', 0, NULL, NULL, '2025-07-08 03:41:14'),
(291, 8, '47V SL5 I7O', 0, NULL, NULL, '2025-07-08 03:41:14'),
(292, 8, 'HA8 BIV 2C6', 0, NULL, NULL, '2025-07-08 03:41:14'),
(293, 8, 'ZKS Q3E KFR', 0, NULL, NULL, '2025-07-08 03:41:14'),
(294, 8, 'LA5 PLS QNH', 0, NULL, NULL, '2025-07-08 03:41:14'),
(295, 8, '7ON 27U L82', 0, NULL, NULL, '2025-07-08 03:41:14'),
(296, 8, 'IYG 7ZT AV3', 0, NULL, NULL, '2025-07-08 03:41:14'),
(297, 8, 'EID FBN 59F', 0, NULL, NULL, '2025-07-08 03:41:14'),
(298, 8, '4X0 4N3 W1Y', 0, NULL, NULL, '2025-07-08 03:41:14'),
(299, 8, 'XK8 XF3 QHK', 0, NULL, NULL, '2025-07-08 03:41:14'),
(300, 8, '62Y VD2 ZEA', 0, NULL, NULL, '2025-07-08 03:41:14'),
(301, 8, '2B3 SA2 BBS', 0, NULL, NULL, '2025-07-08 03:41:14'),
(302, 8, 'ETS A4K UQZ', 0, NULL, NULL, '2025-07-08 03:41:14'),
(303, 8, 'OWP LIC VXM', 0, NULL, NULL, '2025-07-08 03:41:14'),
(304, 8, '2OG NNV J3F', 0, NULL, NULL, '2025-07-08 03:41:14'),
(305, 8, 'LB8 3EY 1YG', 0, NULL, NULL, '2025-07-08 03:41:14'),
(306, 8, 'D1R ZA6 ZBL', 0, NULL, NULL, '2025-07-08 03:41:14'),
(307, 8, '51L 9P7 VKO', 0, NULL, NULL, '2025-07-08 03:41:14'),
(308, 8, 'ZKR AB2 P63', 0, NULL, NULL, '2025-07-08 03:41:14'),
(309, 8, 'NQ5 SWY 6N6', 0, NULL, NULL, '2025-07-08 03:41:14'),
(310, 8, 'J16 HHO AGL', 0, NULL, NULL, '2025-07-08 03:41:14'),
(311, 8, 'X2I 4VN VBZ', 0, NULL, NULL, '2025-07-08 03:41:14'),
(312, 8, 'CGA MYL OAK', 0, NULL, NULL, '2025-07-08 03:41:14'),
(313, 8, '6AU 3HP EGD', 0, NULL, NULL, '2025-07-08 03:41:14'),
(314, 8, 'L0T 6M4 MT6', 0, NULL, NULL, '2025-07-08 03:41:14'),
(315, 8, '51E QZK JG5', 0, NULL, NULL, '2025-07-08 03:41:14'),
(316, 8, 'MJW U84 050', 0, NULL, NULL, '2025-07-08 03:41:14'),
(317, 8, '9IB 84G ENQ', 0, NULL, NULL, '2025-07-08 03:41:14'),
(318, 8, 'BXE A4R C1I', 0, NULL, NULL, '2025-07-08 03:41:14'),
(319, 8, 'WB2 007 B3M', 0, NULL, NULL, '2025-07-08 03:41:14'),
(320, 8, 'WMN XCN FVZ', 0, NULL, NULL, '2025-07-08 03:41:14'),
(321, 8, 'UCN LQA SXA', 0, NULL, NULL, '2025-07-08 03:41:14'),
(322, 8, 'O0Z 207 KOC', 0, NULL, NULL, '2025-07-08 03:41:14'),
(323, 8, 'UXU XXA NWT', 0, NULL, NULL, '2025-07-08 03:41:14'),
(324, 8, 'V9Q P12 4H6', 0, NULL, NULL, '2025-07-08 03:41:14'),
(325, 8, '419 UH9 ULX', 0, NULL, NULL, '2025-07-08 03:41:14'),
(326, 8, 'R63 6W7 RJB', 0, NULL, NULL, '2025-07-08 03:41:14'),
(327, 8, '9XW 4RC IMS', 0, NULL, NULL, '2025-07-08 03:41:14'),
(328, 8, 'LNS DB5 XES', 0, NULL, NULL, '2025-07-08 03:41:14'),
(329, 8, 'JV7 S1C OWB', 0, NULL, NULL, '2025-07-08 03:41:14'),
(330, 8, '6J6 RPV TB8', 0, NULL, NULL, '2025-07-08 03:41:14'),
(331, 8, 'EXA SYD UY4', 0, NULL, NULL, '2025-07-08 03:41:14'),
(332, 8, 'FM5 229 03N', 0, NULL, NULL, '2025-07-08 03:41:14'),
(333, 8, 'JLU QVI N5E', 0, NULL, NULL, '2025-07-08 03:41:14'),
(334, 8, 'ZVO RAJ DZE', 0, NULL, NULL, '2025-07-08 03:41:14'),
(335, 8, 'F12 1WD DDK', 0, NULL, NULL, '2025-07-08 03:41:14'),
(336, 8, '0B3 D52 MCA', 0, NULL, NULL, '2025-07-08 03:41:14'),
(337, 8, '5GP KS9 BS5', 0, NULL, NULL, '2025-07-08 03:41:14'),
(338, 8, 'LH4 12O 22J', 0, NULL, NULL, '2025-07-08 03:41:14'),
(339, 8, '111 JIF WJC', 0, NULL, NULL, '2025-07-08 03:41:14'),
(340, 8, 'SSZ PIV T74', 0, NULL, NULL, '2025-07-08 03:41:14'),
(341, 8, '95Y 4X3 8VS', 0, NULL, NULL, '2025-07-08 03:41:14'),
(342, 8, '9X2 M3F VLV', 0, NULL, NULL, '2025-07-08 03:41:14'),
(343, 8, 'Q52 06F F31', 0, NULL, NULL, '2025-07-08 03:41:14'),
(344, 8, 'T98 H2I LL8', 0, NULL, NULL, '2025-07-08 03:41:14'),
(345, 8, 'FN8 21L DNL', 0, NULL, NULL, '2025-07-08 03:41:14'),
(346, 8, 'E0K 6RJ ZPQ', 0, NULL, NULL, '2025-07-08 03:41:14'),
(347, 8, 'WV9 IW7 HE0', 0, NULL, NULL, '2025-07-08 03:41:14'),
(348, 8, 'GQC OC2 OPC', 0, NULL, NULL, '2025-07-08 03:41:14'),
(349, 8, '85S LTN HM7', 0, NULL, NULL, '2025-07-08 03:41:14'),
(350, 8, '7UB BJR A13', 0, NULL, NULL, '2025-07-08 03:41:14'),
(351, 8, '9XF GEP 8BY', 0, NULL, NULL, '2025-07-08 03:41:14'),
(352, 8, 'HY2 0W5 RRA', 0, NULL, NULL, '2025-07-08 03:41:14'),
(353, 8, '87J EYP O2F', 0, NULL, NULL, '2025-07-08 03:41:14'),
(354, 8, 'ZB5 PC8 Z32', 0, NULL, NULL, '2025-07-08 03:41:14'),
(355, 8, 'KBM U2B QQS', 0, NULL, NULL, '2025-07-08 03:41:14'),
(356, 8, 'YMT 13A RED', 0, NULL, NULL, '2025-07-08 03:41:14'),
(357, 8, '95F Y18 9KZ', 0, NULL, NULL, '2025-07-08 03:41:14'),
(358, 8, 'DFR IBZ UQ7', 0, NULL, NULL, '2025-07-08 03:41:14'),
(359, 8, '7JE 4JO 2IP', 0, NULL, NULL, '2025-07-08 03:41:14'),
(360, 8, 'WXC OX9 M9N', 0, NULL, NULL, '2025-07-08 03:41:14'),
(361, 8, 'PNU G88 PLX', 0, NULL, NULL, '2025-07-08 03:41:14'),
(362, 8, 'JZP AFL Z2P', 0, NULL, NULL, '2025-07-08 03:41:14'),
(363, 8, 'GB5 BZT MWM', 0, NULL, NULL, '2025-07-08 03:41:14'),
(364, 8, 'CX2 C73 VNG', 0, NULL, NULL, '2025-07-08 03:41:14'),
(365, 8, 'NHX ULI NCF', 0, NULL, NULL, '2025-07-08 03:41:14'),
(366, 8, 'YUF B69 1D9', 0, NULL, NULL, '2025-07-08 03:41:14'),
(367, 8, 'D1X 7RH 61R', 0, NULL, NULL, '2025-07-08 03:41:14'),
(368, 8, 'G2K 3OF 7RN', 0, NULL, NULL, '2025-07-08 03:41:14'),
(369, 8, 'R8E ENI RSH', 0, NULL, NULL, '2025-07-08 03:41:14'),
(370, 8, 'X2T B12 425', 0, NULL, NULL, '2025-07-08 03:41:14'),
(371, 8, '806 YPP HPF', 0, NULL, NULL, '2025-07-08 03:41:14'),
(372, 8, 'X0S IOJ R54', 0, NULL, NULL, '2025-07-08 03:41:14'),
(373, 8, '15Q ZFE YG8', 0, NULL, NULL, '2025-07-08 03:41:14'),
(374, 8, 'ZWI FII GX0', 0, NULL, NULL, '2025-07-08 03:41:14'),
(375, 8, 'NB1 6ZD GG8', 0, NULL, NULL, '2025-07-08 03:41:14'),
(376, 8, 'T1T P20 ULA', 0, NULL, NULL, '2025-07-08 03:41:14'),
(377, 8, 'RDT UDS 310', 0, NULL, NULL, '2025-07-08 03:41:14'),
(378, 8, 'HPS Z5W 1WL', 0, NULL, NULL, '2025-07-08 03:41:14'),
(379, 8, 'I3D 0F3 LQ1', 0, NULL, NULL, '2025-07-08 03:41:14'),
(380, 8, 'X7D 2RV BR9', 0, NULL, NULL, '2025-07-08 03:41:14'),
(381, 8, 'JAO XA6 Y3X', 0, NULL, NULL, '2025-07-08 03:41:14'),
(382, 8, '1DY HSE 8WR', 0, NULL, NULL, '2025-07-08 03:41:14'),
(383, 8, 'SJL XXC LFP', 0, NULL, NULL, '2025-07-08 03:41:14'),
(384, 8, '64X OIG VQ0', 0, NULL, NULL, '2025-07-08 03:41:14'),
(385, 8, '1AO P1O Z86', 0, NULL, NULL, '2025-07-08 03:41:14'),
(386, 8, 'OBE 50I GFV', 0, NULL, NULL, '2025-07-08 03:41:14'),
(387, 8, 'ZCE DG3 1L0', 0, NULL, NULL, '2025-07-08 03:41:14'),
(388, 8, 'IMA GD9 UJD', 0, NULL, NULL, '2025-07-08 03:41:14'),
(389, 8, 'F6L 6I6 B48', 0, NULL, NULL, '2025-07-08 03:41:14'),
(390, 8, 'Z0F XCO L6N', 0, NULL, NULL, '2025-07-08 03:41:14'),
(391, 8, 'ML2 24F PUK', 0, NULL, NULL, '2025-07-08 03:41:14'),
(392, 8, 'XTP G5L CPZ', 0, NULL, NULL, '2025-07-08 03:41:14'),
(393, 8, 'MF7 KW0 YLU', 0, NULL, NULL, '2025-07-08 03:41:14'),
(394, 8, '87I QRN 9VJ', 0, NULL, NULL, '2025-07-08 03:41:14'),
(395, 8, 'FVO YI5 CO9', 0, NULL, NULL, '2025-07-08 03:41:14'),
(396, 8, '0U4 OMF PVM', 0, NULL, NULL, '2025-07-08 03:41:14'),
(397, 8, 'OUE GPE BYF', 0, NULL, NULL, '2025-07-08 03:41:14'),
(398, 8, '0Z1 9AX 5WF', 0, NULL, NULL, '2025-07-08 03:41:14'),
(399, 8, 'UP3 9G4 3B5', 0, NULL, NULL, '2025-07-08 03:41:14'),
(400, 8, 'D96 KL7 YVC', 0, NULL, NULL, '2025-07-08 03:41:14'),
(401, 8, '8KX 6VJ LF8', 0, NULL, NULL, '2025-07-08 03:41:14'),
(402, 8, 'Y5X UDR 228', 0, NULL, NULL, '2025-07-08 03:41:14'),
(403, 8, 'K14 ZMN L2T', 0, NULL, NULL, '2025-07-08 03:41:14'),
(404, 8, 'Y1E BN4 UYB', 0, NULL, NULL, '2025-07-08 03:41:14'),
(405, 8, 'EGU OA9 6MQ', 0, NULL, NULL, '2025-07-08 03:41:14'),
(406, 8, 'NZC Z3N QNY', 0, NULL, NULL, '2025-07-08 03:41:14'),
(407, 8, 'IZI ZDY AJ0', 0, NULL, NULL, '2025-07-08 03:41:14'),
(408, 8, 'JQT 3G7 NUL', 0, NULL, NULL, '2025-07-08 03:41:14'),
(409, 8, 'NJV CL5 C7G', 0, NULL, NULL, '2025-07-08 03:41:14'),
(410, 8, 'XVP PTU W2Y', 0, NULL, NULL, '2025-07-08 03:41:14'),
(411, 8, 'JR8 7H5 XSI', 0, NULL, NULL, '2025-07-08 03:41:14'),
(412, 8, 'O52 MCY ENG', 0, NULL, NULL, '2025-07-08 03:41:14'),
(413, 8, '2JN KUT I2D', 0, NULL, NULL, '2025-07-08 03:41:14'),
(414, 8, 'QYO VCT M03', 0, NULL, NULL, '2025-07-08 03:41:14'),
(415, 8, 'Y2V 0AJ XLX', 0, NULL, NULL, '2025-07-08 03:41:14'),
(416, 8, 'F6I ZF0 G9M', 0, NULL, NULL, '2025-07-08 03:41:14'),
(417, 8, 'P2N LYH C38', 0, NULL, NULL, '2025-07-08 03:41:14'),
(418, 8, 'QMT OFP YBT', 0, NULL, NULL, '2025-07-08 03:41:14'),
(419, 8, '029 O3K 6M9', 0, NULL, NULL, '2025-07-08 03:41:14'),
(420, 8, 'ZFT W5U 1E2', 0, NULL, NULL, '2025-07-08 03:41:14'),
(421, 8, 'XM8 XZY M5O', 0, NULL, NULL, '2025-07-08 03:41:14'),
(422, 8, 'N6W C7I FPS', 0, NULL, NULL, '2025-07-08 03:41:14'),
(423, 8, '6N3 W84 L5P', 0, NULL, NULL, '2025-07-08 03:41:14'),
(424, 8, 'K4A B8D I88', 0, NULL, NULL, '2025-07-08 03:41:14'),
(425, 8, 'LEV 9YS 6VP', 0, NULL, NULL, '2025-07-08 03:41:14'),
(426, 8, 'VOM L57 GJG', 0, NULL, NULL, '2025-07-08 03:41:14'),
(427, 8, 'UC7 F09 YA4', 0, NULL, NULL, '2025-07-08 03:41:14'),
(428, 8, 'TL1 D5P 4JA', 0, NULL, NULL, '2025-07-08 03:41:14'),
(429, 8, 'RB7 ZUL 63S', 0, NULL, NULL, '2025-07-08 03:41:14'),
(430, 8, 'CF8 AY4 7FQ', 0, NULL, NULL, '2025-07-08 03:41:14'),
(431, 8, 'BMA S67 5S9', 0, NULL, NULL, '2025-07-08 03:41:14'),
(432, 8, 'H9R OW2 L9V', 0, NULL, NULL, '2025-07-08 03:41:14'),
(433, 8, 'SVF 51B Z8E', 0, NULL, NULL, '2025-07-08 03:41:14'),
(434, 8, 'OL4 SPH 3R1', 0, NULL, NULL, '2025-07-08 03:41:14'),
(435, 8, '1HM V10 XS8', 0, NULL, NULL, '2025-07-08 03:41:14'),
(436, 8, 'XST V0Q 59M', 0, NULL, NULL, '2025-07-08 03:41:14'),
(437, 8, 'WQ5 VGQ 94T', 0, NULL, NULL, '2025-07-08 03:41:14'),
(438, 8, 'CXJ 9U3 FWB', 0, NULL, NULL, '2025-07-08 03:41:14'),
(439, 8, '5WN 6W4 90G', 0, NULL, NULL, '2025-07-08 03:41:14'),
(440, 8, 'C3M TJU 56G', 0, NULL, NULL, '2025-07-08 03:41:14'),
(441, 8, 'DOJ Z2T LO2', 0, NULL, NULL, '2025-07-08 03:41:14'),
(442, 8, '91J DVX MQS', 0, NULL, NULL, '2025-07-08 03:41:14'),
(443, 8, 'CHF 2ZW 2HR', 0, NULL, NULL, '2025-07-08 03:41:14'),
(444, 8, 'D96 1SV 1ZO', 0, NULL, NULL, '2025-07-08 03:41:14'),
(445, 8, 'HNZ 40S CGI', 0, NULL, NULL, '2025-07-08 03:41:14'),
(446, 8, 'CLP OEV ZA7', 0, NULL, NULL, '2025-07-08 03:41:14'),
(447, 8, 'GJJ OOW W5H', 0, NULL, NULL, '2025-07-08 03:41:14'),
(448, 8, 'HFB 1DD 30K', 0, NULL, NULL, '2025-07-08 03:41:14'),
(449, 8, 'L5P KHC 5VE', 0, NULL, NULL, '2025-07-08 03:41:14'),
(450, 8, '4V3 QMA 3Z8', 0, NULL, NULL, '2025-07-08 03:41:14'),
(451, 8, '77W N8Q GZ1', 0, NULL, NULL, '2025-07-08 03:41:14'),
(452, 8, 'YQH ZG0 6T3', 0, NULL, NULL, '2025-07-08 03:41:14'),
(453, 8, 'ATV 0M6 MSN', 0, NULL, NULL, '2025-07-08 03:41:14'),
(454, 8, 'C5O 15T GEK', 0, NULL, NULL, '2025-07-08 03:41:14'),
(455, 8, 'PQT PI6 E95', 0, NULL, NULL, '2025-07-08 03:41:14'),
(456, 8, 'IY1 CBN LEE', 0, NULL, NULL, '2025-07-08 03:41:14'),
(457, 8, 'ZYJ 0BT CG6', 0, NULL, NULL, '2025-07-08 03:41:14'),
(458, 8, 'LPM T5Z 6C4', 0, NULL, NULL, '2025-07-08 03:41:14'),
(459, 8, 'A3C HNH 8WR', 0, NULL, NULL, '2025-07-08 03:41:14'),
(460, 8, 'CWI E33 OBJ', 0, NULL, NULL, '2025-07-08 03:41:14'),
(461, 2, 'SEW H6E 07Z', 0, NULL, NULL, '2025-07-08 03:44:00'),
(462, 2, '6DJ MY0 HXC', 0, NULL, NULL, '2025-07-08 03:44:00'),
(463, 2, 'A3D ZQB SLE', 0, NULL, NULL, '2025-07-08 03:44:00'),
(464, 2, 'W4A N28 NW8', 0, NULL, NULL, '2025-07-08 03:44:00'),
(465, 2, '40N 824 V4C', 0, NULL, NULL, '2025-07-08 03:44:00'),
(466, 2, 'YJ2 D0H 7EI', 0, NULL, NULL, '2025-07-08 03:44:00'),
(467, 2, 'D10 VLJ CRQ', 0, NULL, NULL, '2025-07-08 03:44:00'),
(468, 2, 'APR HAS PWC', 0, NULL, NULL, '2025-07-08 03:44:00'),
(469, 2, '6I0 BVM IO4', 0, NULL, NULL, '2025-07-08 03:44:00'),
(470, 2, 'XGK JIP KJU', 0, NULL, NULL, '2025-07-08 03:44:00'),
(471, 2, '9CX 371 JTF', 0, NULL, NULL, '2025-07-08 03:44:00'),
(472, 2, 'TLT Z1M KX8', 0, NULL, NULL, '2025-07-08 03:44:00'),
(473, 2, '2ZT 36P WD9', 0, NULL, NULL, '2025-07-08 03:44:00'),
(474, 2, 'L1W K53 AKA', 0, NULL, NULL, '2025-07-08 03:44:00'),
(475, 2, 'SE3 88Y 13V', 0, NULL, NULL, '2025-07-08 03:44:00'),
(476, 2, 'KWI PQY 1KZ', 0, NULL, NULL, '2025-07-08 03:44:00'),
(477, 2, '5DC MYU 77L', 0, NULL, NULL, '2025-07-08 03:44:00'),
(478, 2, 'O52 2KQ U44', 0, NULL, NULL, '2025-07-08 03:44:00'),
(479, 2, 'ITI NQK J0B', 0, NULL, NULL, '2025-07-08 03:44:00'),
(480, 2, '3QV 1KL PCD', 0, NULL, NULL, '2025-07-08 03:44:00'),
(481, 2, 'D3D JGZ P51', 0, NULL, NULL, '2025-07-08 03:44:00'),
(482, 2, 'TYN IA8 GWX', 0, NULL, NULL, '2025-07-08 03:44:00'),
(483, 2, 'CRL WZE N4H', 0, NULL, NULL, '2025-07-08 03:44:00'),
(484, 2, '60P AMK LB8', 0, NULL, NULL, '2025-07-08 03:44:00'),
(485, 2, 'CB7 CUB 4L5', 0, NULL, NULL, '2025-07-08 03:44:00'),
(486, 2, 'J4O 04N NGS', 0, NULL, NULL, '2025-07-08 03:44:00'),
(487, 2, 'MDA 215 FCC', 0, NULL, NULL, '2025-07-08 03:44:00'),
(488, 2, 'WU0 3Q0 GPH', 0, NULL, NULL, '2025-07-08 03:44:00'),
(489, 2, 'T4Z 8Z2 0GX', 0, NULL, NULL, '2025-07-08 03:44:00'),
(490, 2, '02W RP2 1OK', 0, NULL, NULL, '2025-07-08 03:44:00'),
(491, 2, 'LOJ 6PU HVZ', 0, NULL, NULL, '2025-07-08 03:44:00'),
(492, 2, 'L6Z DXS RPI', 0, NULL, NULL, '2025-07-08 03:44:00'),
(493, 2, 'DHE 81H QMI', 0, NULL, NULL, '2025-07-08 03:44:00'),
(494, 2, 'EV3 1S0 MYG', 0, NULL, NULL, '2025-07-08 03:44:00'),
(495, 2, 'RSY B0U 5DD', 0, NULL, NULL, '2025-07-08 03:44:00'),
(496, 2, 'EDH LQM BGL', 0, NULL, NULL, '2025-07-08 03:44:00'),
(497, 2, 'AHQ KEC TGO', 0, NULL, NULL, '2025-07-08 03:44:00'),
(498, 2, 'AJ3 LZ7 Q53', 0, NULL, NULL, '2025-07-08 03:44:00'),
(499, 2, 'Z9F 4K8 84H', 0, NULL, NULL, '2025-07-08 03:44:00'),
(500, 2, 'A6J AOF VVE', 0, NULL, NULL, '2025-07-08 03:44:00'),
(501, 2, 'DBV 066 V1J', 0, NULL, NULL, '2025-07-08 03:44:00'),
(502, 2, 'OFO F3N ATE', 0, NULL, NULL, '2025-07-08 03:44:00'),
(503, 2, 'HHT JAC 82Q', 0, NULL, NULL, '2025-07-08 03:44:00'),
(504, 2, 'BJ0 TPF NJT', 0, NULL, NULL, '2025-07-08 03:44:00'),
(505, 2, '0AZ SUZ VMW', 0, NULL, NULL, '2025-07-08 03:44:00'),
(506, 2, '9ZW B7X 30D', 0, NULL, NULL, '2025-07-08 03:44:00'),
(507, 2, 'MM5 U5Q LLE', 0, NULL, NULL, '2025-07-08 03:44:00'),
(508, 2, 'HSM CQM A5E', 0, NULL, NULL, '2025-07-08 03:44:00'),
(509, 2, '819 B2X OYZ', 0, NULL, NULL, '2025-07-08 03:44:00'),
(510, 2, 'HC6 DUZ HNZ', 0, NULL, NULL, '2025-07-08 03:44:00'),
(511, 2, '539 EUJ CXO', 0, NULL, NULL, '2025-07-08 03:44:00'),
(512, 2, 'RVL WTR PVM', 0, NULL, NULL, '2025-07-08 03:44:00'),
(513, 2, 'RA4 NNW GS2', 0, NULL, NULL, '2025-07-08 03:44:00'),
(514, 2, 'IDJ 38I 2EB', 0, NULL, NULL, '2025-07-08 03:44:00'),
(515, 2, 'D7X CC1 V9M', 0, NULL, NULL, '2025-07-08 03:44:00'),
(516, 2, '8E3 DSP H4S', 0, NULL, NULL, '2025-07-08 03:44:00'),
(517, 2, 'TMW 7TC D2V', 0, NULL, NULL, '2025-07-08 03:44:00'),
(518, 2, 'K4K WAS LHU', 0, NULL, NULL, '2025-07-08 03:44:00'),
(519, 2, 'JMM 85D 44K', 0, NULL, NULL, '2025-07-08 03:44:00'),
(520, 2, '03P D6G DX8', 0, NULL, NULL, '2025-07-08 03:44:00'),
(521, 2, 'ATH 9PV 8CN', 0, NULL, NULL, '2025-07-08 03:44:00'),
(522, 2, 'K7W GT1 KP1', 0, NULL, NULL, '2025-07-08 03:44:00'),
(523, 2, 'GIF CI6 HE5', 0, NULL, NULL, '2025-07-08 03:44:00'),
(524, 2, 'IQ5 V7B FTH', 0, NULL, NULL, '2025-07-08 03:44:00'),
(525, 2, '2TN LWW 22S', 0, NULL, NULL, '2025-07-08 03:44:00'),
(526, 2, 'B1P 0O9 DHB', 0, NULL, NULL, '2025-07-08 03:44:00'),
(527, 2, 'DTU V4F 06O', 0, NULL, NULL, '2025-07-08 03:44:00'),
(528, 2, '29Q I0S 4TY', 0, NULL, NULL, '2025-07-08 03:44:00'),
(529, 2, 'AI0 QNL 0A9', 0, NULL, NULL, '2025-07-08 03:44:00'),
(530, 2, 'T0N 6SB RQ3', 0, NULL, NULL, '2025-07-08 03:44:00'),
(531, 2, 'VJZ A8M H7A', 0, NULL, NULL, '2025-07-08 03:44:00'),
(532, 2, 'HHG K9Y 9S6', 0, NULL, NULL, '2025-07-08 03:44:00'),
(533, 2, 'GD9 NSI T2I', 0, NULL, NULL, '2025-07-08 03:44:00'),
(534, 2, '7V8 0IX PPS', 0, NULL, NULL, '2025-07-08 03:44:00'),
(535, 2, 'AE0 SPM F3I', 0, NULL, NULL, '2025-07-08 03:44:00'),
(536, 2, '5W5 ADE 7YC', 0, NULL, NULL, '2025-07-08 03:44:00'),
(537, 2, 'J8S J64 I8O', 0, NULL, NULL, '2025-07-08 03:44:00'),
(538, 2, 'JAF 4S6 YCH', 0, NULL, NULL, '2025-07-08 03:44:00'),
(539, 2, '1DH C35 P08', 0, NULL, NULL, '2025-07-08 03:44:00'),
(540, 2, 'KXK ZUC 9I7', 0, NULL, NULL, '2025-07-08 03:44:00'),
(541, 2, '99W 5VK 16D', 0, NULL, NULL, '2025-07-08 03:44:00'),
(542, 2, 'XLM HZQ PQF', 0, NULL, NULL, '2025-07-08 03:44:00'),
(543, 2, 'HVD MS5 BH5', 0, NULL, NULL, '2025-07-08 03:44:00'),
(544, 2, 'SE0 RIZ V14', 0, NULL, NULL, '2025-07-08 03:44:00'),
(545, 2, 'TLX 8W5 UMQ', 0, NULL, NULL, '2025-07-08 03:44:00'),
(546, 2, '05D 0X6 1I1', 0, NULL, NULL, '2025-07-08 03:44:00'),
(547, 2, 'VCR X76 RYQ', 0, NULL, NULL, '2025-07-08 03:44:00'),
(548, 2, 'HYE 8LN RWC', 0, NULL, NULL, '2025-07-08 03:44:00'),
(549, 2, 'J3W KLK 2AN', 0, NULL, NULL, '2025-07-08 03:44:00'),
(550, 2, 'U5I DY4 BYK', 0, NULL, NULL, '2025-07-08 03:44:00'),
(551, 2, 'RLK KYT WSH', 0, NULL, NULL, '2025-07-08 03:44:00'),
(552, 2, 'JMI XA0 J9H', 0, NULL, NULL, '2025-07-08 03:44:00'),
(553, 2, 'MFI UGK FYL', 0, NULL, NULL, '2025-07-08 03:44:00'),
(554, 2, '3AR 63I 6QE', 0, NULL, NULL, '2025-07-08 03:44:00'),
(555, 2, '6QF 5YR TFQ', 0, NULL, NULL, '2025-07-08 03:44:00'),
(556, 2, 'AIU QBX 8GQ', 0, NULL, NULL, '2025-07-08 03:44:00'),
(557, 2, 'M8P BI2 KUQ', 0, NULL, NULL, '2025-07-08 03:44:00'),
(558, 2, 'QAX YY0 BBZ', 0, NULL, NULL, '2025-07-08 03:44:00'),
(559, 2, 'OY2 JD6 XT9', 0, NULL, NULL, '2025-07-08 03:44:00'),
(560, 2, 'XYP J6M J3I', 0, NULL, NULL, '2025-07-08 03:44:00'),
(561, 2, '0L3 UL9 MI9', 0, NULL, NULL, '2025-07-08 03:44:00'),
(562, 2, '9DN 491 QML', 0, NULL, NULL, '2025-07-08 03:44:00'),
(563, 2, 'QH5 0L8 LQ9', 0, NULL, NULL, '2025-07-08 03:44:00'),
(564, 2, 'RPJ GEA 29R', 0, NULL, NULL, '2025-07-08 03:44:00'),
(565, 2, 'FUC BSX Q44', 0, NULL, NULL, '2025-07-08 03:44:00'),
(566, 2, '6B8 81J 3Z0', 0, NULL, NULL, '2025-07-08 03:44:00'),
(567, 2, '0Z9 8JH YDA', 0, NULL, NULL, '2025-07-08 03:44:00'),
(568, 2, 'W5A YDE BFJ', 0, NULL, NULL, '2025-07-08 03:44:00'),
(569, 2, 'KIN U52 ZXZ', 0, NULL, NULL, '2025-07-08 03:44:00'),
(570, 2, 'X4V 3IK ZZ6', 0, NULL, NULL, '2025-07-08 03:44:00'),
(571, 2, 'N9T ZUR ZJ4', 0, NULL, NULL, '2025-07-08 03:44:00'),
(572, 2, 'PUB 7RN AO2', 0, NULL, NULL, '2025-07-08 03:44:00'),
(573, 2, 'MCU KBP YL0', 0, NULL, NULL, '2025-07-08 03:44:00'),
(574, 2, 'XJR F05 QPW', 0, NULL, NULL, '2025-07-08 03:44:00'),
(575, 2, '7R2 6IZ 944', 0, NULL, NULL, '2025-07-08 03:44:00'),
(576, 2, 'IBU BJ8 I0U', 0, NULL, NULL, '2025-07-08 03:44:00'),
(577, 2, 'F4V RYF DIZ', 0, NULL, NULL, '2025-07-08 03:44:00'),
(578, 2, 'EGZ SC7 O3Z', 0, NULL, NULL, '2025-07-08 03:44:00'),
(579, 2, 'S2A MOF RYS', 0, NULL, NULL, '2025-07-08 03:44:00'),
(580, 2, 'XGC XMA RVO', 0, NULL, NULL, '2025-07-08 03:44:00'),
(581, 2, 'IZT Z6C 8KD', 0, NULL, NULL, '2025-07-08 03:44:00'),
(582, 2, 'E86 YDC 2V3', 0, NULL, NULL, '2025-07-08 03:44:00'),
(583, 2, '84X RKJ FZF', 0, NULL, NULL, '2025-07-08 03:44:00'),
(584, 2, 'A8A H5C ZBJ', 0, NULL, NULL, '2025-07-08 03:44:00'),
(585, 2, '5XN 0QD SCL', 0, NULL, NULL, '2025-07-08 03:44:00'),
(586, 2, 'CN5 HFA RX4', 0, NULL, NULL, '2025-07-08 03:44:00'),
(587, 2, '81Q O8O WD0', 0, NULL, NULL, '2025-07-08 03:44:00'),
(588, 2, '0JP OZ8 2SQ', 0, NULL, NULL, '2025-07-08 03:44:00'),
(589, 2, 'GQF JZN 31A', 0, NULL, NULL, '2025-07-08 03:44:00'),
(590, 2, 'ZZC YNU M9O', 0, NULL, NULL, '2025-07-08 03:44:00'),
(591, 2, 'KGL A9F CIQ', 0, NULL, NULL, '2025-07-08 03:44:00'),
(592, 2, 'L1G LGG CXQ', 0, NULL, NULL, '2025-07-08 03:44:00'),
(593, 2, 'OH7 D2E F02', 0, NULL, NULL, '2025-07-08 03:44:00'),
(594, 2, 'IM6 CXM 5VZ', 0, NULL, NULL, '2025-07-08 03:44:00'),
(595, 2, 'QYR X13 F93', 0, NULL, NULL, '2025-07-08 03:44:00'),
(596, 2, 'UBD 427 RVT', 0, NULL, NULL, '2025-07-08 03:44:00'),
(597, 2, '303 6YS 4WO', 0, NULL, NULL, '2025-07-08 03:44:00'),
(598, 2, 'MH6 J5J Q2U', 0, NULL, NULL, '2025-07-08 03:44:00'),
(599, 2, 'XD4 8IN 8D6', 0, NULL, NULL, '2025-07-08 03:44:00'),
(600, 2, 'XHF 05F 4ET', 0, NULL, NULL, '2025-07-08 03:44:00'),
(601, 2, 'EXZ BM6 01F', 0, NULL, NULL, '2025-07-08 03:44:00'),
(602, 2, 'ZRA A05 YHN', 0, NULL, NULL, '2025-07-08 03:44:00'),
(603, 2, 'P58 7ZJ U82', 0, NULL, NULL, '2025-07-08 03:44:00'),
(604, 2, 'GYL APM MO5', 0, NULL, NULL, '2025-07-08 03:44:00'),
(605, 2, 'WVT S3D HZL', 0, NULL, NULL, '2025-07-08 03:44:00'),
(606, 2, 'X2S UHI C8D', 0, NULL, NULL, '2025-07-08 03:44:00'),
(607, 2, 'N5Q L4Y WW4', 0, NULL, NULL, '2025-07-08 03:44:00'),
(608, 2, 'E8K RYO GH5', 0, NULL, NULL, '2025-07-08 03:44:00'),
(609, 2, '9HE 20W O7C', 0, NULL, NULL, '2025-07-08 03:44:00'),
(610, 2, '74M 25F F1K', 0, NULL, NULL, '2025-07-08 03:44:00'),
(611, 2, 'KF8 XIG 9ZA', 0, NULL, NULL, '2025-07-08 03:44:00'),
(612, 2, 'R46 SEC 9GG', 0, NULL, NULL, '2025-07-08 03:44:00'),
(613, 2, 'P62 0F2 H08', 0, NULL, NULL, '2025-07-08 03:44:00'),
(614, 2, 'W7I DTJ 6EY', 0, NULL, NULL, '2025-07-08 03:44:00'),
(615, 2, 'WJS 92Z GFV', 0, NULL, NULL, '2025-07-08 03:44:00'),
(616, 2, 'T3F 1T6 HK7', 0, NULL, NULL, '2025-07-08 03:44:00'),
(617, 2, 'XOD H07 Q11', 0, NULL, NULL, '2025-07-08 03:44:00'),
(618, 2, 'UV0 YW9 VTX', 0, NULL, NULL, '2025-07-08 03:44:00'),
(619, 2, 'UV0 VD3 GF9', 0, NULL, NULL, '2025-07-08 03:44:00'),
(620, 2, 'MJS CRL SJY', 0, NULL, NULL, '2025-07-08 03:44:00'),
(621, 2, 'WM9 8QK 2OP', 0, NULL, NULL, '2025-07-08 03:44:00'),
(622, 2, 'EYC XK5 5ZJ', 0, NULL, NULL, '2025-07-08 03:44:00'),
(623, 2, 'F02 E59 ES8', 0, NULL, NULL, '2025-07-08 03:44:00'),
(624, 2, '4RK 2QW TTN', 0, NULL, NULL, '2025-07-08 03:44:00'),
(625, 2, '0XI PA0 EBE', 0, NULL, NULL, '2025-07-08 03:44:00'),
(626, 2, 'QRY 5ZH 4C4', 0, NULL, NULL, '2025-07-08 03:44:00'),
(627, 2, 'MEM EME 5U6', 0, NULL, NULL, '2025-07-08 03:44:00'),
(628, 2, 'CWQ 4M3 VOV', 0, NULL, NULL, '2025-07-08 03:44:00'),
(629, 2, 'KUG QDP 9U2', 0, NULL, NULL, '2025-07-08 03:44:00'),
(630, 3, 'G9F XDQ PA4', 0, NULL, NULL, '2025-07-08 03:44:33'),
(631, 3, '2W8 3IV ZYW', 0, NULL, NULL, '2025-07-08 03:44:33'),
(632, 3, 'F2Q CJL 1T5', 0, NULL, NULL, '2025-07-08 03:44:33'),
(633, 3, 'EBK L3I 6P3', 0, NULL, NULL, '2025-07-08 03:44:33'),
(634, 3, 'WZD JJN ZHN', 0, NULL, NULL, '2025-07-08 03:44:33'),
(635, 3, 'J5V 0LL M03', 0, NULL, NULL, '2025-07-08 03:44:33'),
(636, 3, 'XBV PLT ES5', 0, NULL, NULL, '2025-07-08 03:44:33'),
(637, 3, '5ZL HDA UO1', 0, NULL, NULL, '2025-07-08 03:44:33'),
(638, 3, 'UT6 VKC YZO', 0, NULL, NULL, '2025-07-08 03:44:33'),
(639, 3, 'M2V 43P 6PC', 0, NULL, NULL, '2025-07-08 03:44:33'),
(640, 3, 'L1U MWW HQI', 0, NULL, NULL, '2025-07-08 03:44:33'),
(641, 3, 'ON5 ECP 7RB', 0, NULL, NULL, '2025-07-08 03:44:33'),
(642, 3, '4F4 ET2 HWI', 0, NULL, NULL, '2025-07-08 03:44:33'),
(643, 3, '9QV NJC V0G', 0, NULL, NULL, '2025-07-08 03:44:33'),
(644, 3, 'FGB OGT RPE', 0, NULL, NULL, '2025-07-08 03:44:33'),
(645, 3, 'G2V Q4D FE2', 0, NULL, NULL, '2025-07-08 03:44:33'),
(646, 3, 'VUR ZXL HUG', 0, NULL, NULL, '2025-07-08 03:44:33'),
(647, 3, 'WHE SAC HY3', 0, NULL, NULL, '2025-07-08 03:44:33'),
(648, 3, 'IZW OAG 7IS', 0, NULL, NULL, '2025-07-08 03:44:33'),
(649, 3, 'JRJ BK0 I6K', 0, NULL, NULL, '2025-07-08 03:44:33'),
(650, 3, 'RMU 316 PTR', 0, NULL, NULL, '2025-07-08 03:44:33'),
(651, 3, 'B63 0QS XGA', 0, NULL, NULL, '2025-07-08 03:44:33'),
(652, 3, 'L4R LIO 74L', 0, NULL, NULL, '2025-07-08 03:44:33'),
(653, 3, 'M7G LQG 978', 0, NULL, NULL, '2025-07-08 03:44:33'),
(654, 3, 'EQ5 RGN 7ST', 0, NULL, NULL, '2025-07-08 03:44:33'),
(655, 3, '7EF WTB TVY', 0, NULL, NULL, '2025-07-08 03:44:33'),
(656, 3, 'ZUG Q68 GOZ', 0, NULL, NULL, '2025-07-08 03:44:33'),
(657, 3, 'V9Y CNH 3CC', 0, NULL, NULL, '2025-07-08 03:44:33'),
(658, 3, 'H5H 7IW VOE', 0, NULL, NULL, '2025-07-08 03:44:33'),
(659, 3, 'RSF TVW SKJ', 0, NULL, NULL, '2025-07-08 03:44:33'),
(660, 3, 'L5C X2E AB3', 0, NULL, NULL, '2025-07-08 03:44:33'),
(661, 3, 'NS1 D99 D6M', 0, NULL, NULL, '2025-07-08 03:44:33'),
(662, 3, 'OW3 XZJ OXS', 0, NULL, NULL, '2025-07-08 03:44:33'),
(663, 3, 'TEW RQ4 Q3B', 0, NULL, NULL, '2025-07-08 03:44:33'),
(664, 3, 'M51 M9M LD6', 0, NULL, NULL, '2025-07-08 03:44:33'),
(665, 3, '3WP 5UN HFV', 0, NULL, NULL, '2025-07-08 03:44:33'),
(666, 3, 'VBA QU5 32M', 0, NULL, NULL, '2025-07-08 03:44:33'),
(667, 3, 'VB8 LDP QF3', 0, NULL, NULL, '2025-07-08 03:44:33'),
(668, 3, 'YGA TGV 3HO', 0, NULL, NULL, '2025-07-08 03:44:33'),
(669, 3, 'CGT 6DC T1K', 0, NULL, NULL, '2025-07-08 03:44:33'),
(670, 3, '22B OUY BW9', 0, NULL, NULL, '2025-07-08 03:44:33'),
(671, 4, 'CJR F5V KOP', 0, NULL, NULL, '2025-07-08 03:44:57'),
(672, 4, 'PH2 NBG IKN', 0, NULL, NULL, '2025-07-08 03:44:57'),
(673, 4, 'SUY SWV 7KH', 0, NULL, NULL, '2025-07-08 03:44:57'),
(674, 4, 'MBA O1Y BFM', 0, NULL, NULL, '2025-07-08 03:44:57'),
(675, 4, 'ZDA X6C VZJ', 0, NULL, NULL, '2025-07-08 03:44:57'),
(676, 4, '325 BC8 V30', 0, NULL, NULL, '2025-07-08 03:44:57'),
(677, 4, 'DKF NL1 9YD', 0, NULL, NULL, '2025-07-08 03:44:57'),
(678, 4, 'YL5 1QB WG6', 0, NULL, NULL, '2025-07-08 03:44:57'),
(679, 4, 'OVH 710 SD9', 0, NULL, NULL, '2025-07-08 03:44:57'),
(680, 4, 'S52 WAD 8Q3', 0, NULL, NULL, '2025-07-08 03:44:57'),
(681, 4, 'D0R 1FO RV8', 0, NULL, NULL, '2025-07-08 03:44:57'),
(682, 4, 'LZ5 6NS 1MR', 0, NULL, NULL, '2025-07-08 03:44:57'),
(683, 4, '388 54W FYK', 0, NULL, NULL, '2025-07-08 03:44:57'),
(684, 4, 'DIB 436 M46', 0, NULL, NULL, '2025-07-08 03:44:57'),
(685, 4, '8KX 5QM IIQ', 0, NULL, NULL, '2025-07-08 03:44:57'),
(686, 4, 'VA5 VCU ZZI', 0, NULL, NULL, '2025-07-08 03:44:57'),
(687, 4, 'KTM 4P2 E6Y', 0, NULL, NULL, '2025-07-08 03:44:57'),
(688, 4, 'NCL 7H2 QSI', 0, NULL, NULL, '2025-07-08 03:44:57'),
(689, 4, '3CN 7CT 4IR', 0, NULL, NULL, '2025-07-08 03:44:57'),
(690, 4, 'VL3 1IJ UW0', 0, NULL, NULL, '2025-07-08 03:44:57'),
(691, 5, 'WI0 0ZK W1E', 0, NULL, NULL, '2025-07-08 03:45:18'),
(692, 5, 'GC0 W8A 2F5', 0, NULL, NULL, '2025-07-08 03:45:18'),
(693, 5, '2WJ QPX RXZ', 0, NULL, NULL, '2025-07-08 03:45:18'),
(694, 5, 'K1V XVD UPI', 0, NULL, NULL, '2025-07-08 03:45:18'),
(695, 5, '125 4HZ ZQA', 0, NULL, NULL, '2025-07-08 03:45:18'),
(696, 5, 'AOP DGI CMQ', 0, NULL, NULL, '2025-07-08 03:45:18'),
(697, 5, 'IWO XMQ TM9', 0, NULL, NULL, '2025-07-08 03:45:18'),
(698, 5, 'VYX GZI T7A', 0, NULL, NULL, '2025-07-08 03:45:18'),
(699, 5, 'F3R 4XK DDV', 0, NULL, NULL, '2025-07-08 03:45:18'),
(700, 5, 'CWB QMF YZ4', 0, NULL, NULL, '2025-07-08 03:45:18');

-- --------------------------------------------------------

--
-- Table structure for table `user_spins`
--

CREATE TABLE `user_spins` (
  `id` int(11) NOT NULL,
  `recorded_id` varchar(255) NOT NULL,
  `spin_count` int(11) NOT NULL DEFAULT 0,
  `last_spin_at` timestamp NULL DEFAULT current_timestamp()
) ENGINE=InnoDB DEFAULT CHARSET=utf8mb4 COLLATE=utf8mb4_unicode_ci;

--
-- Dumping data for table `user_spins`
--

INSERT INTO `user_spins` (`id`, `recorded_id`, `spin_count`, `last_spin_at`) VALUES
(1, 'null', 0, '2025-07-08 01:23:49'),
(2, 'demo123', 1, '2025-07-08 01:24:52'),
(3, 'demo125', 1, '2025-07-08 01:25:15'),
(4, 'demo128', 1, '2025-07-08 01:26:01'),
(5, 'demo120', 0, '2025-07-08 01:26:17'),
(6, 'demo129', 1, '2025-07-08 01:26:26'),
(7, 'demo124', 1, '2025-07-08 01:48:46'),
(8, 'demo1234', 1, '2025-07-08 02:00:38'),
(9, '234', 1, '2025-07-08 02:12:37'),
(10, '23433', 1, '2025-07-08 02:12:46'),
(11, '2343378', 1, '2025-07-08 02:13:41'),
(12, '234337re', 1, '2025-07-08 02:19:03'),
(13, '23424', 0, '2025-07-08 02:30:40'),
(14, '23424TY', 0, '2025-07-08 02:30:48'),
(15, '45678', 0, '2025-07-08 02:38:16'),
(16, '456785', 1, '2025-07-08 02:48:21'),
(17, '4567851', 1, '2025-07-08 02:58:19'),
(18, 'NARTEst', 0, '2025-07-08 04:05:33'),
(19, '23424T1', 0, '2025-07-08 06:23:37'),
(20, '23424T2', 0, '2025-07-08 06:39:05'),
(21, 'TEST123', 0, '2025-07-08 06:56:56');

-- --------------------------------------------------------

--
-- Table structure for table `weekly_settings`
--

CREATE TABLE `weekly_settings` (
  `id` int(11) NOT NULL,
  `current_week` int(11) NOT NULL DEFAULT 1,
  `week_start_date` date NOT NULL,
  `updated_at` timestamp NULL DEFAULT current_timestamp() ON UPDATE current_timestamp()
) ENGINE=InnoDB DEFAULT CHARSET=utf8mb4 COLLATE=utf8mb4_unicode_ci;

--
-- Dumping data for table `weekly_settings`
--

INSERT INTO `weekly_settings` (`id`, `current_week`, `week_start_date`, `updated_at`) VALUES
(1, 1, '2025-07-08', '2025-07-08 02:26:00');

--
-- Indexes for dumped tables
--

--
-- Indexes for table `admin_users`
--
ALTER TABLE `admin_users`
  ADD PRIMARY KEY (`id`),
  ADD UNIQUE KEY `username` (`username`);

--
-- Indexes for table `coupons`
--
ALTER TABLE `coupons`
  ADD PRIMARY KEY (`id`),
  ADD UNIQUE KEY `coupon_code` (`coupon_code`);

--
-- Indexes for table `settings`
--
ALTER TABLE `settings`
  ADD PRIMARY KEY (`id`),
  ADD UNIQUE KEY `setting_key` (`setting_key`);

--
-- Indexes for table `spins`
--
ALTER TABLE `spins`
  ADD PRIMARY KEY (`id`),
  ADD KEY `idx_recorded_id` (`recorded_id`),
  ADD KEY `idx_timestamp` (`timestamp`);

--
-- Indexes for table `tier_coupon_codes`
--
ALTER TABLE `tier_coupon_codes`
  ADD PRIMARY KEY (`id`),
  ADD UNIQUE KEY `unique_code` (`coupon_code`),
  ADD KEY `idx_tier_id` (`tier_id`),
  ADD KEY `idx_coupon_code` (`coupon_code`),
  ADD KEY `idx_is_used` (`is_used`);

--
-- Indexes for table `user_spins`
--
ALTER TABLE `user_spins`
  ADD PRIMARY KEY (`id`),
  ADD UNIQUE KEY `unique_recorded_id` (`recorded_id`);

--
-- Indexes for table `weekly_settings`
--
ALTER TABLE `weekly_settings`
  ADD PRIMARY KEY (`id`);

--
-- AUTO_INCREMENT for dumped tables
--

--
-- AUTO_INCREMENT for table `admin_users`
--
ALTER TABLE `admin_users`
  MODIFY `id` int(11) NOT NULL AUTO_INCREMENT, AUTO_INCREMENT=25;

--
-- AUTO_INCREMENT for table `coupons`
--
ALTER TABLE `coupons`
  MODIFY `id` int(11) NOT NULL AUTO_INCREMENT, AUTO_INCREMENT=9;

--
-- AUTO_INCREMENT for table `settings`
--
ALTER TABLE `settings`
  MODIFY `id` int(11) NOT NULL AUTO_INCREMENT, AUTO_INCREMENT=7;

--
-- AUTO_INCREMENT for table `spins`
--
ALTER TABLE `spins`
  MODIFY `id` int(11) NOT NULL AUTO_INCREMENT, AUTO_INCREMENT=10;

--
-- AUTO_INCREMENT for table `tier_coupon_codes`
--
ALTER TABLE `tier_coupon_codes`
  MODIFY `id` int(11) NOT NULL AUTO_INCREMENT, AUTO_INCREMENT=701;

--
-- AUTO_INCREMENT for table `user_spins`
--
ALTER TABLE `user_spins`
  MODIFY `id` int(11) NOT NULL AUTO_INCREMENT, AUTO_INCREMENT=22;

--
-- AUTO_INCREMENT for table `weekly_settings`
--
ALTER TABLE `weekly_settings`
  MODIFY `id` int(11) NOT NULL AUTO_INCREMENT, AUTO_INCREMENT=2;

--
-- Constraints for dumped tables
--

--
-- Constraints for table `tier_coupon_codes`
--
ALTER TABLE `tier_coupon_codes`
  ADD CONSTRAINT `tier_coupon_codes_ibfk_1` FOREIGN KEY (`tier_id`) REFERENCES `coupons` (`id`) ON DELETE CASCADE;
COMMIT;

/*!40101 SET CHARACTER_SET_CLIENT=@OLD_CHARACTER_SET_CLIENT */;
/*!40101 SET CHARACTER_SET_RESULTS=@OLD_CHARACTER_SET_RESULTS */;
/*!40101 SET COLLATION_CONNECTION=@OLD_COLLATION_CONNECTION */;
